exe_spgemm_tile_32,/ssget/MM/Norris/heart1/heart1.cbd,4,4,4,3557,3557,1387773,6.427000,185.488051,113.033386
exe_spgemm_tile_32,/ssget/MM/Norris/heart3/heart3.cbd,4,4,4,2339,2339,682797,2.826000,150.532817,94.446082
exe_spgemm_tile_32,/ssget/MM/Norris/torso1/torso1.cbd,4,4,4,116158,116158,8516500,43.450000,349.769764,387.675842
exe_spgemm_tile_32,/ssget/MM/Norris/heart2/heart2.cbd,4,4,4,2339,2339,682797,9.117000,46.660715,94.446082
exe_spgemm_tile_32,/ssget/MM/BenElechi/BenElechi1/BenElechi1.cbd,4,4,4,245874,245874,13150496,17.952000,78.604709,19.457521
exe_spgemm_tile_32,/ssget/MM/FEMLAB/ns3Da/ns3Da.cbd,4,4,4,20414,20414,1679599,65.200000,5.445728,14.254520
exe_spgemm_tile_32,/ssget/MM/FEMLAB/sme3Db/sme3Db.cbd,4,4,4,29067,29067,2081063,79.467000,4.754960,12.493999
exe_spgemm_tile_32,/ssget/MM/vanHeukelum/cage14/cage14.cbd,4,4,4,1505785,1505785,27130349,25.085000,42.432190,2.245596
exe_spgemm_tile_32,/ssget/MM/vanHeukelum/cage13/cage13.cbd,4,4,4,445315,445315,7479343,6.437000,42.669626,2.266464
exe_spgemm_tile_32,/ssget/MM/Simon/raefsky3/raefsky3.cbd,4,4,4,21200,21200,1488768,1.181000,178.488142,26.002337
exe_spgemm_tile_32,/ssget/MM/Simon/appu/appu.cbd,4,4,4,14000,14000,1853104,92.078000,5.732773,1.982396
exe_spgemm_tile_32,/ssget/MM/Belcastro/human_gene1/human_gene1.cbd,4,4,4,22283,22283,24669643,1475.347000,97.004383,319.292848
exe_spgemm_tile_32,/ssget/MM/Belcastro/human_gene2/human_gene2.cbd,4,4,4,14340,14340,18068388,784.181000,127.223311,305.743916
exe_spgemm_tile_32,/ssget/MM/Belcastro/mouse_gene/mouse_gene.cbd,4,4,4,45101,45101,28967291,3370.260000,30.682381,107.137255
exe_spgemm_tile_32,/ssget/MM/Gupta/gupta2/gupta2.cbd,4,4,4,62064,62064,4248286,100.522000,162.304205,13.568682
exe_spgemm_tile_32,/ssget/MM/Gupta/gupta3/gupta3.cbd,4,4,4,16783,16783,9323427,195.731000,313.859039,113.399750
exe_spgemm_tile_32,/ssget/MM/Gupta/gupta1/gupta1.cbd,4,4,4,31802,31802,2164210,58.828000,145.364751,13.606179
exe_spgemm_tile_32,/ssget/MM/Janna/PFlow_742/PFlow_742.cbd,4,4,4,742793,742793,37138461,41.593000,103.534880,10.168470
exe_spgemm_tile_32,/ssget/MM/Janna/Cube_Coup_dt6/Cube_Coup_dt6.cbd,4,4,4,2164760,2164760,127206144,136.540000,110.124550,13.603475
exe_spgemm_tile_32,/ssget/MM/Janna/StocF-1465/StocF-1465.cbd,4,4,4,1465137,1465137,21005389,10.411000,59.716799,3.336674
exe_spgemm_tile_32,/ssget/MM/Janna/Geo_1438/Geo_1438.cbd,4,4,4,1437960,1437960,63156690,52.326000,107.087428,10.207443
exe_spgemm_tile_32,/ssget/MM/Janna/Long_Coup_dt6/Long_Coup_dt6.cbd,4,4,4,1470152,1470152,87088992,96.378000,108.411540,13.441322
exe_spgemm_tile_32,/ssget/MM/Janna/Transport/Transport.cbd,4,4,4,1602111,1602111,23500731,5.362000,129.323278,3.470451
exe_spgemm_tile_32,/ssget/MM/Janna/Cube_Coup_dt0/Cube_Coup_dt0.cbd,4,4,4,2164760,2164760,127206144,136.015000,110.549616,13.603475
exe_spgemm_tile_32,/ssget/MM/Janna/CoupCons3D/CoupCons3D.cbd,4,4,4,416800,416800,22322336,22.390000,109.620721,13.765784
exe_spgemm_tile_32,/ssget/MM/Janna/Long_Coup_dt0/Long_Coup_dt0.cbd,4,4,4,1470152,1470152,87088992,99.116000,105.416758,13.441322
exe_spgemm_tile_32,/ssget/MM/Janna/Flan_1565/Flan_1565.cbd,4,4,4,1564794,1564794,117406044,156.292000,115.340962,17.684291
exe_spgemm_tile_32,/ssget/MM/Janna/ML_Geer/ML_Geer.cbd,4,4,4,1504002,1504002,110879972,102.628000,159.486453,21.242237
exe_spgemm_tile_32,/ssget/MM/Janna/Emilia_923/Emilia_923.cbd,4,4,4,923136,923136,41005206,35.481000,103.391056,10.197560
exe_spgemm_tile_32,/ssget/MM/Janna/Fault_639/Fault_639.cbd,4,4,4,638802,638802,28614564,25.471000,101.981100,10.256253
exe_spgemm_tile_32,/ssget/MM/Janna/Hook_1498/Hook_1498.cbd,4,4,4,1498023,1498023,60917445,57.676000,96.015619,8.862864
exe_spgemm_tile_32,/ssget/MM/MKS/fp/fp.cbd,4,4,4,7548,7548,848553,6.358000,83.881233,21.709254
exe_spgemm_tile_32,/ssget/MM/VanVelzen/std1_Jac3/std1_Jac3.cbd,4,4,4,21982,21982,1455848,2.767000,82.877587,8.526602
exe_spgemm_tile_32,/ssget/MM/VanVelzen/Zd_Jac2/Zd_Jac2.cbd,4,4,4,22835,22835,1642833,2.547000,90.581033,7.502852
exe_spgemm_tile_32,/ssget/MM/VanVelzen/Zd_Jac3/Zd_Jac3.cbd,4,4,4,22835,22835,1916152,3.159000,100.675501,8.834936
exe_spgemm_tile_32,/ssget/MM/VanVelzen/Zd_Jac6/Zd_Jac6.cbd,4,4,4,22835,22835,1711983,2.783000,91.387642,8.182019
exe_spgemm_tile_32,/ssget/MM/GHS_indef/exdata_1/exdata_1.cbd,4,4,4,6001,6001,2269501,19.699000,344.261841,300.723400
exe_spgemm_tile_32,/ssget/MM/GHS_indef/a5esindl/a5esindl.cbd,4,4,4,60008,60008,255004,5.803000,60.620380,1.002193
exe_spgemm_tile_32,/ssget/MM/GHS_indef/brainpc2/brainpc2.cbd,4,4,4,27607,27607,179395,2.949000,323.347671,2.499565
exe_spgemm_tile_32,/ssget/MM/GHS_indef/bloweya/bloweya.cbd,4,4,4,30004,30004,150009,6.400000,31.518755,1.004982
exe_spgemm_tile_32,/ssget/MM/GHS_indef/bloweybq/bloweybq.cbd,4,4,4,10001,10001,69991,4.045000,49.631592,1.003598
exe_spgemm_tile_32,/ssget/MM/GHS_indef/a2nnsnsl/a2nnsnsl.cbd,4,4,4,80016,80016,347222,4.773000,77.016655,1.161265
exe_spgemm_tile_32,/ssget/MM/GHS_indef/bloweybl/bloweybl.cbd,4,4,4,30003,30003,120000,1.073000,187.269279,1.002094
exe_spgemm_tile_32,/ssget/MM/GHS_indef/a0nsdsil/a0nsdsil.cbd,4,4,4,80016,80016,355034,4.432000,90.927382,1.145151
exe_spgemm_tile_32,/ssget/MM/GHS_indef/blockqp1/blockqp1.cbd,4,4,4,60012,60012,640033,54.544000,205.529487,2.800527
exe_spgemm_tile_32,/ssget/MM/GHS_indef/bmw3_2/bmw3_2.cbd,4,4,4,227362,227362,11288630,11.039000,109.403958,16.749079
exe_spgemm_tile_32,/ssget/MM/PARSEC/Ge87H76/Ge87H76.cbd,4,4,4,112985,112985,7892195,33.859000,86.802988,14.835659
exe_spgemm_tile_32,/ssget/MM/PARSEC/Si10H16/Si10H16.cbd,4,4,4,17077,17077,875923,3.315000,67.731950,10.336997
exe_spgemm_tile_32,/ssget/MM/PARSEC/Ga10As10H30/Ga10As10H30.cbd,4,4,4,113081,113081,6115633,26.461000,82.998424,14.611013
exe_spgemm_tile_32,/ssget/MM/PARSEC/Si87H76/Si87H76.cbd,4,4,4,240369,240369,10661631,22.124000,76.982017,6.025881
exe_spgemm_tile_32,/ssget/MM/PARSEC/Ga19As19H42/Ga19As19H42.cbd,4,4,4,133123,133123,8884839,46.925000,85.681348,18.604999
exe_spgemm_tile_32,/ssget/MM/PARSEC/Ge99H100/Ge99H100.cbd,4,4,4,112985,112985,8451395,37.707000,87.093397,15.518265
exe_spgemm_tile_32,/ssget/MM/PARSEC/Ga41As41H72/Ga41As41H72.cbd,4,4,4,268096,268096,18488476,99.867000,85.165730,18.373426
exe_spgemm_tile_32,/ssget/MM/PARSEC/Si41Ge41H72/Si41Ge41H72.cbd,4,4,4,185639,185639,15011265,91.311000,92.139951,24.207454
exe_spgemm_tile_32,/ssget/MM/PARSEC/SiO/SiO.cbd,4,4,4,33401,33401,1317655,4.442000,74.030184,10.420656
exe_spgemm_tile_32,/ssget/MM/PARSEC/SiO2/SiO2.cbd,4,4,4,155331,155331,11283503,250.161000,114.016815,136.030189
exe_spgemm_tile_32,/ssget/MM/PARSEC/Si34H36/Si34H36.cbd,4,4,4,97569,97569,5156379,17.431000,84.465017,11.288693
exe_spgemm_tile_32,/ssget/MM/PARSEC/Ga3As3H12/Ga3As3H12.cbd,4,4,4,61349,61349,5970947,77.954000,94.351708,59.142072
exe_spgemm_tile_32,/ssget/MM/PARSEC/GaAsH6/GaAsH6.cbd,4,4,4,61349,61349,3381809,29.062000,89.319273,34.508069
exe_spgemm_tile_32,/ssget/MM/PARSEC/CO/CO.cbd,4,4,4,221119,221119,7666057,7.833000,70.659453,2.763940
exe_spgemm_tile_32,/ssget/MM/Hardesty/Hardesty1/Hardesty1.cbd,4,4,4,938905,938905,12143314,2.583000,122.069436,4.117087
exe_spgemm_tile_32,/ssget/MM/Nasa/nasasrb/nasasrb.cbd,4,4,4,54870,54870,2677324,2.599000,103.601538,16.153583
exe_spgemm_tile_32,/ssget/MM/Lourakis/bundle1/bundle1.cbd,4,4,4,10581,10581,770901,10.019000,94.686071,19.703875
exe_spgemm_tile_32,/ssget/MM/Boeing/pcrystk03/pcrystk03.cbd,4,4,4,24696,24696,1751178,2.262000,114.171805,17.834747
exe_spgemm_tile_32,/ssget/MM/Boeing/pwtk/pwtk.cbd,4,4,4,217918,217918,11634424,9.966000,125.638050,19.103195
exe_spgemm_tile_32,/ssget/MM/Boeing/crystk03/crystk03.cbd,4,4,4,24696,24696,1751178,2.268000,113.869764,17.834747
exe_spgemm_tile_32,/ssget/MM/Boeing/pct20stif/pct20stif.cbd,4,4,4,52329,52329,2698463,3.005000,102.653800,15.397633
exe_spgemm_tile_32,/ssget/MM/Boeing/msc10848/msc10848.cbd,4,4,4,10848,10848,1229778,3.596000,91.493209,26.594601
exe_spgemm_tile_32,/ssget/MM/Boeing/ct20stif/ct20stif.cbd,4,4,4,52329,52329,2698463,3.041000,101.438563,15.397633
exe_spgemm_tile_32,/ssget/MM/DIMACS10/packing-500x100x100-b050/packing-500x100x100-b050.cbd,4,4,4,2145852,2145852,34976486,10.979000,106.982939,3.463182
exe_spgemm_tile_32,/ssget/MM/DIMACS10/vsp_south31_slptsk/vsp_south31_slptsk.cbd,4,4,4,39668,39668,379828,7.003000,193.873738,1.742692
exe_spgemm_tile_32,/ssget/MM/DIMACS10/delaunay_n22/delaunay_n22.cbd,4,4,4,4194304,4194304,25165738,7.959000,39.825255,1.825082
exe_spgemm_tile_32,/ssget/MM/DIMACS10/kron_g500-logn16/kron_g500-logn16.cbd,4,4,4,65536,65536,4912469,1505.470000,8.991781,6.957782
exe_spgemm_tile_32,/ssget/MM/DIMACS10/vsp_model1_crew1_cr42_south31/vsp_model1_crew1_cr42_south31.cbd,4,4,4,45101,45101,379952,6.275000,213.187310,1.694347
exe_spgemm_tile_32,/ssget/MM/DIMACS10/channel-500x100x100-b050/channel-500x100x100-b050.cbd,4,4,4,4802000,4802000,85362744,27.294000,111.575958,3.488141
exe_spgemm_tile_32,/ssget/MM/DIMACS10/coPapersDBLP/coPapersDBLP.cbd,4,4,4,540486,540486,30491458,109.465000,74.752789,8.275801
exe_spgemm_tile_32,/ssget/MM/DIMACS10/delaunay_n23/delaunay_n23.cbd,4,4,4,8388608,8388608,50331568,15.723000,40.318218,1.825131
exe_spgemm_tile_32,/ssget/MM/DNVS/shipsec8/shipsec8.cbd,4,4,4,114919,114919,6653399,7.921000,103.192413,17.985721
exe_spgemm_tile_32,/ssget/MM/DNVS/fcondp2/fcondp2.cbd,4,4,4,201822,201822,11294316,9.911000,131.234199,18.696488
exe_spgemm_tile_32,/ssget/MM/DNVS/thread/thread.cbd,4,4,4,29736,29736,4470048,11.734000,125.815766,29.911510
exe_spgemm_tile_32,/ssget/MM/DNVS/halfb/halfb.cbd,4,4,4,224617,224617,12387821,11.887000,120.383721,18.374453
exe_spgemm_tile_32,/ssget/MM/DNVS/ship_001/ship_001.cbd,4,4,4,34920,34920,4644230,11.319000,127.938119,28.283225
exe_spgemm_tile_32,/ssget/MM/DNVS/shipsec1/shipsec1.cbd,4,4,4,140874,140874,7813404,8.800000,102.418020,18.709274
exe_spgemm_tile_32,/ssget/MM/DNVS/m_t1/m_t1.cbd,4,4,4,97578,97578,9753570,19.337000,109.066880,28.864562
exe_spgemm_tile_32,/ssget/MM/DNVS/x104/x104.cbd,4,4,4,108384,108384,10167624,20.098000,104.117073,27.034257
exe_spgemm_tile_32,/ssget/MM/DNVS/shipsec5/shipsec5.cbd,4,4,4,179860,179860,10113096,11.669000,101.960131,18.395233
exe_spgemm_tile_32,/ssget/MM/DNVS/tsyl201/tsyl201.cbd,4,4,4,20685,20685,2454957,5.916000,104.201297,37.042057
exe_spgemm_tile_32,/ssget/MM/DNVS/trdheim/trdheim.cbd,4,4,4,22098,22098,1935324,2.533000,152.112265,28.554322
exe_spgemm_tile_32,/ssget/MM/DNVS/fullb/fullb.cbd,4,4,4,199187,199187,11708077,12.842000,112.152976,18.285091
exe_spgemm_tile_32,/ssget/MM/DNVS/ship_003/ship_003.cbd,4,4,4,121728,121728,8086034,11.890000,97.505664,17.685876
exe_spgemm_tile_32,/ssget/MM/DNVS/troll/troll.cbd,4,4,4,213453,213453,11985111,12.575000,112.668438,16.956152
exe_spgemm_tile_32,/ssget/MM/QY/case39/case39.cbd,4,4,4,40216,40216,1042160,26.234000,308.650589,10.003748
exe_spgemm_tile_32,/ssget/MM/QY/case9/case9.cbd,4,4,4,14454,14454,147972,1.616000,200.049812,3.086384
exe_spgemm_tile_32,/ssget/MM/TKK/engine/engine.cbd,4,4,4,143571,143571,4706073,4.607000,84.724664,7.910026
exe_spgemm_tile_32,/ssget/MM/TKK/smt/smt.cbd,4,4,4,25710,25710,3753184,10.688000,113.388089,31.162749
exe_spgemm_tile_32,/ssget/MM/TKK/s4dkt3m2/s4dkt3m2.cbd,4,4,4,90449,90449,3753461,2.217000,141.102554,15.461899
exe_spgemm_tile_32,/ssget/MM/Dziekonski/dielFilterV3real/dielFilterV3real.cbd,4,4,4,1102824,1102824,89306020,204.671000,85.067851,12.641354
exe_spgemm_tile_32,/ssget/MM/Dziekonski/dielFilterV2real/dielFilterV2real.cbd,4,4,4,1157456,1157456,48538952,64.965000,71.957583,7.191282
exe_spgemm_tile_32,/ssget/MM/SNAP/soc-Slashdot0811/soc-Slashdot0811.cbd,4,4,4,77360,77360,905468,47.264000,4.732531,1.418349
exe_spgemm_tile_32,/ssget/MM/SNAP/sx-superuser/sx-superuser.cbd,4,4,4,194085,194085,924886,64.357000,5.660656,1.214231
exe_spgemm_tile_32,/ssget/MM/SNAP/loc-Gowalla/loc-Gowalla.cbd,4,4,4,196591,196591,1900654,100.176000,11.633540,1.218211
exe_spgemm_tile_32,/ssget/MM/Sandia/mult_dcop_03/mult_dcop_03.cbd,4,4,4,25187,25187,193216,20.568000,50.612011,1.003731
exe_spgemm_tile_32,/ssget/MM/Sandia/mult_dcop_01/mult_dcop_01.cbd,4,4,4,25187,25187,193276,20.362000,51.124103,1.003732
exe_spgemm_tile_32,/ssget/MM/Sandia/mult_dcop_02/mult_dcop_02.cbd,4,4,4,25187,25187,193276,20.455000,50.891664,1.003732
exe_spgemm_tile_32,/ssget/MM/Bova/rma10/rma10.cbd,4,4,4,46835,46835,2374001,2.795000,111.971563,19.805329
exe_spgemm_tile_32,/ssget/MM/HB/psmigr_1/psmigr_1.cbd,4,4,4,3140,3140,543162,5.544000,83.194827,24.696216
exe_spgemm_tile_32,/ssget/MM/HB/psmigr_3/psmigr_3.cbd,4,4,4,3140,3140,543162,5.478000,84.197174,24.696216
exe_spgemm_tile_32,/ssget/MM/HB/psmigr_2/psmigr_2.cbd,4,4,4,3140,3140,540022,5.399000,85.027922,24.580744
exe_spgemm_tile_32,/ssget/MM/HB/bcsstk32/bcsstk32.cbd,4,4,4,44609,44609,2014701,2.057000,98.869905,14.910978
exe_spgemm_tile_32,/ssget/MM/HB/bcsstk30/bcsstk30.cbd,4,4,4,28924,28924,2043492,3.008000,115.346684,19.391913
exe_spgemm_tile_32,/ssget/MM/Koutsovasilis/F2/F2.cbd,4,4,4,71505,71505,5294285,10.530000,93.600589,12.429520
exe_spgemm_tile_32,/ssget/MM/Koutsovasilis/F1/F1.cbd,4,4,4,343791,343791,26837113,56.295000,94.769008,11.882833
exe_spgemm_tile_32,/ssget/MM/POLYFLOW/mixtank_new/mixtank_new.cbd,4,4,4,29957,29957,1995041,4.552000,77.718529,14.753495
exe_spgemm_tile_32,/ssget/MM/POLYFLOW/invextr1_new/invextr1_new.cbd,4,4,4,30412,30412,1793881,3.545000,86.547585,14.512055
exe_spgemm_tile_32,/ssget/MM/Andrianov/net125/net125.cbd,4,4,4,36720,36720,2577200,10.031000,68.563808,1.964068
exe_spgemm_tile_32,/ssget/MM/Andrianov/net150/net150.cbd,4,4,4,43520,43520,3121200,12.138000,76.982745,1.962954
exe_spgemm_tile_32,/ssget/MM/Andrianov/pattern1/pattern1.cbd,4,4,4,19242,19242,9323432,98.067000,148.721093,35.783641
exe_spgemm_tile_32,/ssget/MM/Andrianov/net4-1/net4-1.cbd,4,4,4,88343,88343,2441727,18.179000,78.147011,1.942992
exe_spgemm_tile_32,/ssget/MM/Andrianov/net75/net75.cbd,4,4,4,23120,23120,1489200,5.377000,55.845743,1.965424
exe_spgemm_tile_32,/ssget/MM/Andrianov/net100/net100.cbd,4,4,4,29920,29920,2033200,7.355000,64.770300,1.965082
exe_spgemm_tile_32,/ssget/MM/Guettel/TEM152078/TEM152078.cbd,4,4,4,152078,152078,6459326,6.303000,100.348425,7.096231
exe_spgemm_tile_32,/ssget/MM/Guettel/TEM181302/TEM181302.cbd,4,4,4,181302,181302,7839010,7.657000,101.727065,7.083520
exe_spgemm_tile_32,/ssget/MM/Rothberg/3dtube/3dtube.cbd,4,4,4,45330,45330,3213618,6.650000,90.039586,12.623360
exe_spgemm_tile_32,/ssget/MM/Rothberg/gearbox/gearbox.cbd,4,4,4,153746,153746,9080404,10.603000,108.045990,17.532367
exe_spgemm_tile_32,/ssget/MM/VDOL/lowThrust_12/lowThrust_12.cbd,4,4,4,18458,18458,224593,0.955000,221.480484,2.023931
exe_spgemm_tile_32,/ssget/MM/VDOL/lowThrust_13/lowThrust_13.cbd,4,4,4,18476,18476,224897,0.954000,222.144744,2.023934
exe_spgemm_tile_32,/ssget/MM/VDOL/lowThrust_10/lowThrust_10.cbd,4,4,4,18260,18260,222005,0.888000,233.161705,2.024128
exe_spgemm_tile_32,/ssget/MM/VDOL/lowThrust_11/lowThrust_11.cbd,4,4,4,18368,18368,223801,0.946000,221.457423,2.024133
exe_spgemm_tile_32,/ssget/MM/VDOL/hangGlider_5/hangGlider_5.cbd,4,4,4,16011,16011,155246,5.796000,70.352972,1.006485
exe_spgemm_tile_32,/ssget/MM/VDOL/hangGlider_4/hangGlider_4.cbd,4,4,4,15561,15561,149532,5.944000,64.803389,1.006551
exe_spgemm_tile_32,/ssget/MM/VDOL/lowThrust_9/lowThrust_9.cbd,4,4,4,18044,18044,219589,0.926000,218.415341,2.024482
exe_spgemm_tile_32,/ssget/MM/GHS_psdef/vanbody/vanbody.cbd,4,4,4,47072,47072,2336898,2.795000,93.503216,16.225211
exe_spgemm_tile_32,/ssget/MM/GHS_psdef/bmw7st_1/bmw7st_1.cbd,4,4,4,141347,141347,7339667,7.663000,105.444150,17.137729
exe_spgemm_tile_32,/ssget/MM/GHS_psdef/audikw_1/audikw_1.cbd,4,4,4,943695,943695,77651847,161.481000,100.194263,12.203940
exe_spgemm_tile_32,/ssget/MM/GHS_psdef/inline_1/inline_1.cbd,4,4,4,503712,503712,36816342,67.585000,98.555696,13.159386
exe_spgemm_tile_32,/ssget/MM/GHS_psdef/oilpan/oilpan.cbd,4,4,4,73752,73752,3597188,2.725000,138.621845,16.268258
exe_spgemm_tile_32,/ssget/MM/GHS_psdef/ramage02/ramage02.cbd,4,4,4,16830,16830,2866352,8.311000,128.792005,36.676803
exe_spgemm_tile_32,/ssget/MM/GHS_psdef/hood/hood.cbd,4,4,4,220542,220542,10768436,10.760000,104.466197,16.413328
exe_spgemm_tile_32,/ssget/MM/GHS_psdef/crankseg_1/crankseg_1.cbd,4,4,4,52804,52804,10614210,41.667000,122.336047,33.938657
exe_spgemm_tile_32,/ssget/MM/GHS_psdef/srb1/srb1.cbd,4,4,4,54924,54924,2962152,2.678000,120.294417,19.200793
exe_spgemm_tile_32,/ssget/MM/GHS_psdef/crankseg_2/crankseg_2.cbd,4,4,4,63838,63838,14148858,62.898000,118.373171,35.593383
exe_spgemm_tile_32,/ssget/MM/GHS_psdef/bmwcra_1/bmwcra_1.cbd,4,4,4,148770,148770,10644002,14.950000,108.696161,16.353526
exe_spgemm_tile_32,/ssget/MM/GHS_psdef/s3dkt3m2/s3dkt3m2.cbd,4,4,4,90449,90449,3753461,2.213000,141.357597,15.461899
exe_spgemm_tile_32,/ssget/MM/GHS_psdef/s3dkq4m2/s3dkq4m2.cbd,4,4,4,90449,90449,4820891,3.494000,147.763799,19.434770
exe_spgemm_tile_32,/ssget/MM/GHS_psdef/opt1/opt1.cbd,4,4,4,15449,15449,1930655,4.468000,120.488383,32.727654
exe_spgemm_tile_32,/ssget/MM/Grueninger/windtunnel_evap3d/windtunnel_evap3d.cbd,4,4,4,40816,40816,2730600,4.227000,95.150611,11.408828
exe_spgemm_tile_32,/ssget/MM/Schenk_ISEI/para-10/para-10.cbd,4,4,4,155924,155924,5416358,17.490000,30.364385,3.400439
exe_spgemm_tile_32,/ssget/MM/Schenk_ISEI/para-8/para-8.cbd,4,4,4,155924,155924,5416358,17.510000,30.329702,3.400439
exe_spgemm_tile_32,/ssget/MM/Schenk_ISEI/para-9/para-9.cbd,4,4,4,155924,155924,5416358,17.478000,30.385232,3.400439
exe_spgemm_tile_32,/ssget/MM/Schenk_ISEI/para-7/para-7.cbd,4,4,4,155924,155924,5416358,18.208000,29.167019,3.400439
exe_spgemm_tile_32,/ssget/MM/Schenk_ISEI/para-5/para-5.cbd,4,4,4,155924,155924,5416358,17.499000,30.348768,3.400439
exe_spgemm_tile_32,/ssget/MM/Schenk_ISEI/ohne2/ohne2.cbd,4,4,4,181343,181343,11063545,19.464000,77.640531,10.431814
exe_spgemm_tile_32,/ssget/MM/Schenk_ISEI/para-6/para-6.cbd,4,4,4,155924,155924,5416358,17.522000,30.308931,3.400439
exe_spgemm_tile_32,/ssget/MM/Schenk_ISEI/para-4/para-4.cbd,4,4,4,153226,153226,5326228,18.502000,26.563239,3.991017
exe_spgemm_tile_32,/ssget/MM/Chen/pkustk03/pkustk03.cbd,4,4,4,63336,63336,3130416,3.438000,95.140272,18.324841
exe_spgemm_tile_32,/ssget/MM/Chen/pkustk05/pkustk05.cbd,4,4,4,37164,37164,2205144,3.471000,88.375924,17.005772
exe_spgemm_tile_32,/ssget/MM/Chen/pkustk08/pkustk08.cbd,4,4,4,22209,22209,3226671,11.147000,99.200345,29.260697
exe_spgemm_tile_32,/ssget/MM/Chen/pkustk11/pkustk11.cbd,4,4,4,87804,87804,5217912,7.449000,98.027290,17.032403
exe_spgemm_tile_32,/ssget/MM/Chen/pkustk07/pkustk07.cbd,4,4,4,16860,16860,2418804,8.304000,98.752825,29.403773
exe_spgemm_tile_32,/ssget/MM/Chen/pkustk10/pkustk10.cbd,4,4,4,80676,80676,4308984,4.823000,96.881038,19.097753
exe_spgemm_tile_32,/ssget/MM/Chen/pkustk12/pkustk12.cbd,4,4,4,94653,94653,7512317,51.703000,103.687565,5.645433
exe_spgemm_tile_32,/ssget/MM/Chen/pkustk13/pkustk13.cbd,4,4,4,94893,94893,6616827,11.549000,97.497169,14.250213
exe_spgemm_tile_32,/ssget/MM/Chen/pkustk14/pkustk14.cbd,4,4,4,151926,151926,14836504,33.433000,106.331218,24.488590
exe_spgemm_tile_32,/ssget/MM/Chen/pkustk06/pkustk06.cbd,4,4,4,43164,43164,2571768,3.942000,91.285918,16.979806
exe_spgemm_tile_32,/ssget/MM/ND/nd6k/nd6k.cbd,4,4,4,18000,18000,6897316,22.937000,242.932819,66.023264
exe_spgemm_tile_32,/ssget/MM/ND/nd3k/nd3k.cbd,4,4,4,9000,9000,3279690,10.898000,234.166180,69.002249
exe_spgemm_tile_32,/ssget/MM/ND/nd12k/nd12k.cbd,4,4,4,36000,36000,14220946,48.116000,243.861151,64.536487
exe_spgemm_tile_32,/ssget/MM/ND/nd24k/nd24k.cbd,4,4,4,72000,72000,28715634,97.324000,244.109742,62.787834
exe_spgemm_tile_32,/ssget/MM/Oberwolfach/t3dh/t3dh.cbd,4,4,4,79171,79171,4352105,5.997000,85.356131,10.228802
exe_spgemm_tile_32,/ssget/MM/Oberwolfach/boneS01/boneS01.cbd,4,4,4,127224,127224,6715152,6.860000,114.877506,15.442642
exe_spgemm_tile_32,/ssget/MM/Oberwolfach/bone010/bone010.cbd,4,4,4,986703,986703,71666325,91.446000,119.238076,17.260546
exe_spgemm_tile_32,/ssget/MM/Oberwolfach/boneS10/boneS10.cbd,4,4,4,914898,914898,55468422,64.621000,115.835783,16.741304
exe_spgemm_tile_32,/ssget/MM/Oberwolfach/t3dh_a/t3dh_a.cbd,4,4,4,79171,79171,4352105,5.979000,85.613099,10.228802
exe_spgemm_tile_32,/ssget/MM/Oberwolfach/t3dh_e/t3dh_e.cbd,4,4,4,79171,79171,4352105,5.992000,85.427356,10.228802
exe_spgemm_tile_32,/ssget/MM/Embree/ifiss_mat/ifiss_mat.cbd,4,4,4,96307,96307,3599932,2.035000,148.969857,10.688548
exe_spgemm_tile_32,/ssget/MM/Fluorem/RM07R/RM07R.cbd,4,4,4,381689,381689,37464962,109.641000,96.170996,27.267944
exe_spgemm_tile_32,/ssget/MM/Fluorem/PR02R/PR02R.cbd,4,4,4,161070,161070,8185136,9.066000,104.105756,15.237963
exe_spgemm_tile_32,/ssget/MM/IPSO/TSC_OPF_300/TSC_OPF_300.cbd,4,4,4,9774,9774,820804,10.850000,79.837123,21.566908
exe_spgemm_tile_32,/ssget/MM/IPSO/TSC_OPF_1047/TSC_OPF_1047.cbd,4,4,4,8140,8140,2016902,9.654000,280.170218,153.099832
exe_spgemm_tile_32,/ssget/MM/IPSO/HTC_336_4438/HTC_336_4438.cbd,4,4,4,226340,226340,904522,3.206000,168.816460,3.248641
exe_spgemm_tile_32,/ssget/MM/IPSO/HTC_336_9129/HTC_336_9129.cbd,4,4,4,226340,226340,883422,2.478000,188.495306,3.172038
exe_spgemm_tile_32,/ssget/MM/Mycielski/mycielskian15/mycielskian15.cbd,4,4,4,24575,24575,11111110,191.017000,166.104515,26.760916
exe_spgemm_tile_32,/ssget/MM/Mycielski/mycielskian13/mycielskian13.cbd,4,4,4,6143,6143,1227742,9.961000,124.525883,16.987760
exe_spgemm_tile_32,/ssget/MM/Mycielski/mycielskian14/mycielskian14.cbd,4,4,4,12287,12287,3695512,40.825000,153.886290,21.328854
exe_spgemm_tile_32,/ssget/MM/Mycielski/mycielskian12/mycielskian12.cbd,4,4,4,3071,3071,407200,2.909000,83.871110,13.518692
exe_spgemm_tile_32,/ssget/MM/TSOPF/TSOPF_RS_b2383_c1/TSOPF_RS_b2383_c1.cbd,4,4,4,38120,38120,16171169,7.551000,33.889402,1.721641
exe_spgemm_tile_32,/ssget/MM/TSOPF/TSOPF_FS_b162_c1/TSOPF_FS_b162_c1.cbd,4,4,4,10798,10798,608540,13.421000,100.741248,24.191406
exe_spgemm_tile_32,/ssget/MM/TSOPF/TSOPF_FS_b39_c19/TSOPF_FS_b39_c19.cbd,4,4,4,76216,76216,1977600,64.564000,450.706194,10.013615
exe_spgemm_tile_32,/ssget/MM/TSOPF/TSOPF_RS_b2383/TSOPF_RS_b2383.cbd,4,4,4,38120,38120,16171169,7.584000,33.741940,1.721641
exe_spgemm_tile_32,/ssget/MM/TSOPF/TSOPF_FS_b300_c2/TSOPF_FS_b300_c2.cbd,4,4,4,56814,56814,8767466,301.822000,357.476509,66.958263
exe_spgemm_tile_32,/ssget/MM/TSOPF/TSOPF_FS_b300_c1/TSOPF_FS_b300_c1.cbd,4,4,4,29214,29214,4400122,94.163000,297.859176,66.002421
exe_spgemm_tile_32,/ssget/MM/TSOPF/TSOPF_FS_b162_c3/TSOPF_FS_b162_c3.cbd,4,4,4,30798,30798,1801300,56.029000,205.201554,24.594624
exe_spgemm_tile_32,/ssget/MM/TSOPF/TSOPF_FS_b300/TSOPF_FS_b300.cbd,4,4,4,29214,29214,4400122,93.203000,300.927155,66.002421
exe_spgemm_tile_32,/ssget/MM/TSOPF/TSOPF_FS_b9_c6/TSOPF_FS_b9_c6.cbd,4,4,4,14454,14454,147972,1.485000,217.697304,3.086384
exe_spgemm_tile_32,/ssget/MM/TSOPF/TSOPF_FS_b300_c3/TSOPF_FS_b300_c3.cbd,4,4,4,84414,84414,13135930,602.926000,397.454792,67.321038
exe_spgemm_tile_32,/ssget/MM/TSOPF/TSOPF_FS_b162_c4/TSOPF_FS_b162_c4.cbd,4,4,4,40798,40798,2398220,84.687000,239.852180,24.672710
exe_spgemm_tile_32,/ssget/MM/TSOPF/TSOPF_FS_b39_c7/TSOPF_FS_b39_c7.cbd,4,4,4,28216,28216,730080,15.959000,249.631479,9.994654
exe_spgemm_tile_32,/ssget/MM/Schenk/nlpkkt160/nlpkkt160.cbd,4,4,4,8345600,8345600,229518112,71.337000,178.669086,5.134043
exe_spgemm_tile_32,/ssget/MM/Schenk/nlpkkt80/nlpkkt80.cbd,4,4,4,1062400,1062400,28704672,9.073000,174.227864,5.110362
exe_spgemm_tile_32,/ssget/MM/Schenk/nlpkkt120/nlpkkt120.cbd,4,4,4,3542400,3542400,96845792,31.512000,170.192581,5.126131
exe_spgemm_tile_32,/ssget/MM/UTEP/Dubcova3/Dubcova3.cbd,4,4,4,146689,146689,3636649,2.498000,84.363671,6.027782
exe_spgemm_tile_32,/ssget/MM/Goodwin/Goodwin_127/Goodwin_127.cbd,4,4,4,178437,178437,5778545,3.851000,120.152383,8.603071
exe_spgemm_tile_32,/ssget/MM/Goodwin/Goodwin_095/Goodwin_095.cbd,4,4,4,100037,100037,3226066,2.208000,116.657990,8.603398
exe_spgemm_tile_32,/ssget/MM/Muite/Chebyshev4/Chebyshev4.cbd,4,4,4,68121,68121,5377761,4.876000,113.640699,14.682093
exe_spgemm_tile_32,/ssget/MM/Schenk_IBMNA/c-57/c-57.cbd,4,4,4,37833,37833,405197,19.548000,70.864025,3.896261
exe_spgemm_tile_32,/ssget/MM/Schenk_IBMNA/c-67b/c-67b.cbd,4,4,4,57975,57975,531935,4.752000,50.881218,2.910990
exe_spgemm_tile_32,/ssget/MM/Schenk_IBMNA/c-64/c-64.cbd,4,4,4,51035,51035,717841,22.060000,109.898159,7.820190
exe_spgemm_tile_32,/ssget/MM/Schenk_IBMNA/c-67/c-67.cbd,4,4,4,57975,57975,531935,4.646000,52.042090,2.910990
exe_spgemm_tile_32,/ssget/MM/Schenk_IBMNA/c-73/c-73.cbd,4,4,4,169422,169422,1279274,54.493000,143.063072,2.285064
exe_spgemm_tile_32,/ssget/MM/Schenk_IBMNA/c-73b/c-73b.cbd,4,4,4,169422,169422,1279274,54.423000,143.247082,2.285064
exe_spgemm_tile_32,/ssget/MM/Schenk_IBMNA/c-53/c-53.cbd,4,4,4,30235,30235,372213,7.185000,53.201862,4.408607
exe_spgemm_tile_32,/ssget/MM/Schenk_IBMNA/c-64b/c-64b.cbd,4,4,4,51035,51035,717841,22.400000,108.230062,7.820190
exe_spgemm_tile_32,/ssget/MM/VLSI/ss/ss.cbd,4,4,4,1652680,1652680,34753577,13.589000,101.141202,4.969302
exe_spgemm_tile_32,/ssget/MM/VLSI/vas_stokes_4M/vas_stokes_4M.cbd,4,4,4,4382246,4382246,131577616,131.890000,53.884338,4.299408
exe_spgemm_tile_32,/ssget/MM/VLSI/vas_stokes_2M/vas_stokes_2M.cbd,4,4,4,2146677,2146677,65129037,71.503000,49.193297,4.311026
exe_spgemm_tile_32,/ssget/MM/VLSI/test1/test1.cbd,4,4,4,392908,392908,12968200,167.046000,5.609332,6.225993
exe_spgemm_tile_32,/ssget/MM/Raju/laminar_duct3D/laminar_duct3D.cbd,4,4,4,67173,67173,3833077,4.562000,125.406054,15.107745
exe_spgemm_tile_32,/ssget/MM/Williams/consph/consph.cbd,4,4,4,83334,83334,6010480,7.534000,123.133801,17.477379
exe_spgemm_tile_32,/ssget/MM/Williams/pdb1HYS/pdb1HYS.cbd,4,4,4,36417,36417,4344765,6.504000,170.763425,28.340624
exe_spgemm_tile_32,/ssget/MM/Williams/cant/cant.cbd,4,4,4,62451,62451,4007383,3.962000,136.035574,15.452180
exe_spgemm_tile_32,/ssget/MM/PowerSystem/power197k/power197k.cbd,4,4,4,197156,197156,3698357,23.845000,27.202476,8.139590
exe_spgemm_tile_32,/ssget/MM/Nemeth/nemeth20/nemeth20.cbd,4,4,4,9506,9506,971870,0.792000,253.874631,46.283552
exe_spgemm_tile_32,/ssget/MM/Nemeth/nemeth21/nemeth21.cbd,4,4,4,9506,9506,1173746,1.028000,285.719829,56.920448
exe_spgemm_tile_32,/ssget/MM/Nemeth/nemeth26/nemeth26.cbd,4,4,4,9506,9506,1511760,1.655000,297.821576,70.692462
exe_spgemm_tile_32,/ssget/MM/Nemeth/nemeth24/nemeth24.cbd,4,4,4,9506,9506,1506550,1.700000,288.099216,70.244116
exe_spgemm_tile_32,/ssget/MM/Nemeth/nemeth23/nemeth23.cbd,4,4,4,9506,9506,1506810,1.629000,300.116582,71.033149
exe_spgemm_tile_32,/ssget/MM/Nemeth/nemeth22/nemeth22.cbd,4,4,4,9506,9506,1358832,1.361000,289.668168,64.424436
exe_spgemm_tile_32,/ssget/MM/Nemeth/nemeth25/nemeth25.cbd,4,4,4,9506,9506,1511758,1.653000,298.181336,70.692324
exe_spgemm_tile_32,/ssget/MM/Zaoui/kkt_power/kkt_power.cbd,4,4,4,2063494,2063494,14612663,82.723000,5.234043,2.321196
exe_spgemm_tile_32,/ssget/MM/Bodendiek/CurlCurl_3/CurlCurl_3.cbd,4,4,4,1219574,1219574,13544618,3.593000,84.265640,2.228844
exe_spgemm_tile_64,/ssget/MM/Norris/heart1/heart1.cbd,8,8,8,3557,3557,1387773,6.093000,195.655950,113.033386
exe_spgemm_tile_64,/ssget/MM/Norris/heart3/heart3.cbd,8,8,8,2339,2339,682797,2.614000,162.741294,94.446082
exe_spgemm_tile_64,/ssget/MM/Norris/torso1/torso1.cbd,8,8,8,116158,116158,8516500,60.585000,250.845857,387.675842
exe_spgemm_tile_64,/ssget/MM/Norris/heart2/heart2.cbd,8,8,8,2339,2339,682797,2.646000,160.773145,94.446082
exe_spgemm_tile_64,/ssget/MM/BenElechi/BenElechi1/BenElechi1.cbd,8,8,8,245874,245874,13150496,9.609000,146.853131,19.457521
exe_spgemm_tile_64,/ssget/MM/FEMLAB/ns3Da/ns3Da.cbd,8,8,8,20414,20414,1679599,63.859000,5.560085,14.254520
exe_spgemm_tile_64,/ssget/MM/FEMLAB/sme3Db/sme3Db.cbd,8,8,8,29067,29067,2081063,77.656000,4.865849,12.493999
exe_spgemm_tile_64,/ssget/MM/vanHeukelum/cage14/cage14.cbd,8,8,8,1505785,1505785,27130349,26.113000,40.761746,2.245596
exe_spgemm_tile_64,/ssget/MM/vanHeukelum/cage13/cage13.cbd,8,8,8,445315,445315,7479343,6.540000,41.997612,2.266464
exe_spgemm_tile_64,/ssget/MM/Simon/raefsky3/raefsky3.cbd,8,8,8,21200,21200,1488768,1.096000,192.330745,26.002337
exe_spgemm_tile_64,/ssget/MM/Simon/appu/appu.cbd,8,8,8,14000,14000,1853104,92.992000,5.676427,1.982396
exe_spgemm_tile_64,/ssget/MM/Belcastro/human_gene1/human_gene1.cbd,8,8,8,22283,22283,24669643,1592.777000,89.852582,319.292848
exe_spgemm_tile_64,/ssget/MM/Belcastro/human_gene2/human_gene2.cbd,8,8,8,14340,14340,18068388,929.585000,107.323272,305.743916
exe_spgemm_tile_64,/ssget/MM/Belcastro/mouse_gene/mouse_gene.cbd,8,8,8,45101,45101,28967291,3573.602000,28.936519,107.137255
exe_spgemm_tile_64,/ssget/MM/Gupta/gupta2/gupta2.cbd,8,8,8,62064,62064,4248286,103.406000,157.777530,13.568682
exe_spgemm_tile_64,/ssget/MM/Gupta/gupta3/gupta3.cbd,8,8,8,16783,16783,9323427,210.250000,292.185225,113.399750
exe_spgemm_tile_64,/ssget/MM/Gupta/gupta1/gupta1.cbd,8,8,8,31802,31802,2164210,59.501000,143.720569,13.606179
exe_spgemm_tile_64,/ssget/MM/Janna/PFlow_742/PFlow_742.cbd,8,8,8,742793,742793,37138461,49.289000,87.368911,10.168470
exe_spgemm_tile_64,/ssget/MM/Janna/Cube_Coup_dt6/Cube_Coup_dt6.cbd,8,8,8,2164760,2164760,127206144,156.983000,95.783658,13.603475
exe_spgemm_tile_64,/ssget/MM/Janna/StocF-1465/StocF-1465.cbd,8,8,8,1465137,1465137,21005389,11.426000,54.412007,3.336674
exe_spgemm_tile_64,/ssget/MM/Janna/Geo_1438/Geo_1438.cbd,8,8,8,1437960,1437960,63156690,61.886000,90.544821,10.207443
exe_spgemm_tile_64,/ssget/MM/Janna/Long_Coup_dt6/Long_Coup_dt6.cbd,8,8,8,1470152,1470152,87088992,110.689000,94.394993,13.441322
exe_spgemm_tile_64,/ssget/MM/Janna/Transport/Transport.cbd,8,8,8,1602111,1602111,23500731,6.952000,99.745601,3.470451
exe_spgemm_tile_64,/ssget/MM/Janna/Cube_Coup_dt0/Cube_Coup_dt0.cbd,8,8,8,2164760,2164760,127206144,157.231000,95.632579,13.603475
exe_spgemm_tile_64,/ssget/MM/Janna/CoupCons3D/CoupCons3D.cbd,8,8,8,416800,416800,22322336,26.535000,92.497002,13.765784
exe_spgemm_tile_64,/ssget/MM/Janna/Long_Coup_dt0/Long_Coup_dt0.cbd,8,8,8,1470152,1470152,87088992,110.760000,94.334484,13.441322
exe_spgemm_tile_64,/ssget/MM/Janna/Flan_1565/Flan_1565.cbd,8,8,8,1564794,1564794,117406044,183.219000,98.389739,17.684291
exe_spgemm_tile_64,/ssget/MM/Janna/ML_Geer/ML_Geer.cbd,8,8,8,1504002,1504002,110879972,115.804000,141.340331,21.242237
exe_spgemm_tile_64,/ssget/MM/Janna/Emilia_923/Emilia_923.cbd,8,8,8,923136,923136,41005206,42.338000,86.645993,10.197560
exe_spgemm_tile_64,/ssget/MM/Janna/Fault_639/Fault_639.cbd,8,8,8,638802,638802,28614564,29.528000,87.969405,10.256253
exe_spgemm_tile_64,/ssget/MM/Janna/Hook_1498/Hook_1498.cbd,8,8,8,1498023,1498023,60917445,62.990000,87.915492,8.862864
exe_spgemm_tile_64,/ssget/MM/MKS/fp/fp.cbd,8,8,8,7548,7548,848553,6.510000,81.922716,21.709254
exe_spgemm_tile_64,/ssget/MM/VanVelzen/std1_Jac3/std1_Jac3.cbd,8,8,8,21982,21982,1455848,2.656000,86.341221,8.526602
exe_spgemm_tile_64,/ssget/MM/VanVelzen/Zd_Jac2/Zd_Jac2.cbd,8,8,8,22835,22835,1642833,2.579000,89.457111,7.502852
exe_spgemm_tile_64,/ssget/MM/VanVelzen/Zd_Jac3/Zd_Jac3.cbd,8,8,8,22835,22835,1916152,3.239000,98.188919,8.834936
exe_spgemm_tile_64,/ssget/MM/VanVelzen/Zd_Jac6/Zd_Jac6.cbd,8,8,8,22835,22835,1711983,2.825000,90.028959,8.182019
exe_spgemm_tile_64,/ssget/MM/GHS_indef/exdata_1/exdata_1.cbd,8,8,8,6001,6001,2269501,24.681000,274.770633,300.723400
exe_spgemm_tile_64,/ssget/MM/GHS_indef/a5esindl/a5esindl.cbd,8,8,8,60008,60008,255004,7.408000,47.486510,1.002193
exe_spgemm_tile_64,/ssget/MM/GHS_indef/brainpc2/brainpc2.cbd,8,8,8,27607,27607,179395,3.436000,277.518126,2.499565
exe_spgemm_tile_64,/ssget/MM/GHS_indef/bloweya/bloweya.cbd,8,8,8,30004,30004,150009,6.951000,29.020289,1.004982
exe_spgemm_tile_64,/ssget/MM/GHS_indef/bloweybq/bloweybq.cbd,8,8,8,10001,10001,69991,4.901000,40.963026,1.003598
exe_spgemm_tile_64,/ssget/MM/GHS_indef/a2nnsnsl/a2nnsnsl.cbd,8,8,8,80016,80016,347222,5.411000,67.935778,1.161265
exe_spgemm_tile_64,/ssget/MM/GHS_indef/bloweybl/bloweybl.cbd,8,8,8,30003,30003,120000,1.386000,144.978309,1.002094
exe_spgemm_tile_64,/ssget/MM/GHS_indef/a0nsdsil/a0nsdsil.cbd,8,8,8,80016,80016,355034,5.296000,76.093307,1.145151
exe_spgemm_tile_64,/ssget/MM/GHS_indef/blockqp1/blockqp1.cbd,8,8,8,60012,60012,640033,71.846000,156.033743,2.800527
exe_spgemm_tile_64,/ssget/MM/GHS_indef/bmw3_2/bmw3_2.cbd,8,8,8,227362,227362,11288630,11.702000,103.205460,16.749079
exe_spgemm_tile_64,/ssget/MM/PARSEC/Ge87H76/Ge87H76.cbd,8,8,8,112985,112985,7892195,34.113000,86.156666,14.835659
exe_spgemm_tile_64,/ssget/MM/PARSEC/Si10H16/Si10H16.cbd,8,8,8,17077,17077,875923,3.240000,69.299819,10.336997
exe_spgemm_tile_64,/ssget/MM/PARSEC/Ga10As10H30/Ga10As10H30.cbd,8,8,8,113081,113081,6115633,25.665000,85.572620,14.611013
exe_spgemm_tile_64,/ssget/MM/PARSEC/Si87H76/Si87H76.cbd,8,8,8,240369,240369,10661631,23.139000,73.605175,6.025881
exe_spgemm_tile_64,/ssget/MM/PARSEC/Ga19As19H42/Ga19As19H42.cbd,8,8,8,133123,133123,8884839,44.137000,91.093579,18.604999
exe_spgemm_tile_64,/ssget/MM/PARSEC/Ge99H100/Ge99H100.cbd,8,8,8,112985,112985,8451395,37.950000,86.535724,15.518265
exe_spgemm_tile_64,/ssget/MM/PARSEC/Ga41As41H72/Ga41As41H72.cbd,8,8,8,268096,268096,18488476,96.351000,88.273562,18.373426
exe_spgemm_tile_64,/ssget/MM/PARSEC/Si41Ge41H72/Si41Ge41H72.cbd,8,8,8,185639,185639,15011265,87.270000,96.406452,24.207454
exe_spgemm_tile_64,/ssget/MM/PARSEC/SiO/SiO.cbd,8,8,8,33401,33401,1317655,4.649000,70.733938,10.420656
exe_spgemm_tile_64,/ssget/MM/PARSEC/SiO2/SiO2.cbd,8,8,8,155331,155331,11283503,232.840000,122.498542,136.030189
exe_spgemm_tile_64,/ssget/MM/PARSEC/Si34H36/Si34H36.cbd,8,8,8,97569,97569,5156379,17.589000,83.706278,11.288693
exe_spgemm_tile_64,/ssget/MM/PARSEC/Ga3As3H12/Ga3As3H12.cbd,8,8,8,61349,61349,5970947,70.454000,104.395677,59.142072
exe_spgemm_tile_64,/ssget/MM/PARSEC/GaAsH6/GaAsH6.cbd,8,8,8,61349,61349,3381809,26.607000,97.560669,34.508069
exe_spgemm_tile_64,/ssget/MM/PARSEC/CO/CO.cbd,8,8,8,221119,221119,7666057,8.636000,64.089335,2.763940
exe_spgemm_tile_64,/ssget/MM/Hardesty/Hardesty1/Hardesty1.cbd,8,8,8,938905,938905,12143314,3.127000,100.833179,4.117087
exe_spgemm_tile_64,/ssget/MM/Nasa/nasasrb/nasasrb.cbd,8,8,8,54870,54870,2677324,2.929000,91.929121,16.153583
exe_spgemm_tile_64,/ssget/MM/Lourakis/bundle1/bundle1.cbd,8,8,8,10581,10581,770901,9.284000,102.182221,19.703875
exe_spgemm_tile_64,/ssget/MM/Boeing/pcrystk03/pcrystk03.cbd,8,8,8,24696,24696,1751178,2.772000,93.166170,17.834747
exe_spgemm_tile_64,/ssget/MM/Boeing/pwtk/pwtk.cbd,8,8,8,217918,217918,11634424,10.518000,119.044381,19.103195
exe_spgemm_tile_64,/ssget/MM/Boeing/crystk03/crystk03.cbd,8,8,8,24696,24696,1751178,2.771000,93.199792,17.834747
exe_spgemm_tile_64,/ssget/MM/Boeing/pct20stif/pct20stif.cbd,8,8,8,52329,52329,2698463,3.141000,98.209064,15.397633
exe_spgemm_tile_64,/ssget/MM/Boeing/msc10848/msc10848.cbd,8,8,8,10848,10848,1229778,3.601000,91.366171,26.594601
exe_spgemm_tile_64,/ssget/MM/Boeing/ct20stif/ct20stif.cbd,8,8,8,52329,52329,2698463,3.090000,99.829990,15.397633
exe_spgemm_tile_64,/ssget/MM/DIMACS10/packing-500x100x100-b050/packing-500x100x100-b050.cbd,8,8,8,2145852,2145852,34976486,13.234000,88.753642,3.463182
exe_spgemm_tile_64,/ssget/MM/DIMACS10/vsp_south31_slptsk/vsp_south31_slptsk.cbd,8,8,8,39668,39668,379828,8.064000,168.365301,1.742692
exe_spgemm_tile_64,/ssget/MM/DIMACS10/delaunay_n22/delaunay_n22.cbd,8,8,8,4194304,4194304,25165738,8.767000,36.154808,1.825082
exe_spgemm_tile_64,/ssget/MM/DIMACS10/kron_g500-logn16/kron_g500-logn16.cbd,8,8,8,65536,65536,4912469,1545.814000,8.757106,6.957782
exe_spgemm_tile_64,/ssget/MM/DIMACS10/vsp_model1_crew1_cr42_south31/vsp_model1_crew1_cr42_south31.cbd,8,8,8,45101,45101,379952,7.431000,180.022927,1.694347
exe_spgemm_tile_64,/ssget/MM/DIMACS10/channel-500x100x100-b050/channel-500x100x100-b050.cbd,8,8,8,4802000,4802000,85362744,32.396000,94.004019,3.488141
exe_spgemm_tile_64,/ssget/MM/DIMACS10/coPapersDBLP/coPapersDBLP.cbd,8,8,8,540486,540486,30491458,119.918000,68.236746,8.275798
exe_spgemm_tile_64,/ssget/MM/DIMACS10/delaunay_n23/delaunay_n23.cbd,8,8,8,8388608,8388608,50331568,17.373000,36.488996,1.825131
exe_spgemm_tile_64,/ssget/MM/DNVS/shipsec8/shipsec8.cbd,8,8,8,114919,114919,6653399,8.774000,93.160144,17.985721
exe_spgemm_tile_64,/ssget/MM/DNVS/fcondp2/fcondp2.cbd,8,8,8,201822,201822,11294316,10.361000,125.534422,18.696488
exe_spgemm_tile_64,/ssget/MM/DNVS/thread/thread.cbd,8,8,8,29736,29736,4470048,11.896000,124.102404,29.911510
exe_spgemm_tile_64,/ssget/MM/DNVS/halfb/halfb.cbd,8,8,8,224617,224617,12387821,13.005000,110.034701,18.374453
exe_spgemm_tile_64,/ssget/MM/DNVS/ship_001/ship_001.cbd,8,8,8,34920,34920,4644230,11.128000,130.134038,28.283225
exe_spgemm_tile_64,/ssget/MM/DNVS/shipsec1/shipsec1.cbd,8,8,8,140874,140874,7813404,10.074000,89.465811,18.709274
exe_spgemm_tile_64,/ssget/MM/DNVS/m_t1/m_t1.cbd,8,8,8,97578,97578,9753570,19.222000,109.719398,28.864562
exe_spgemm_tile_64,/ssget/MM/DNVS/x104/x104.cbd,8,8,8,108384,108384,10167624,20.729000,100.947703,27.034257
exe_spgemm_tile_64,/ssget/MM/DNVS/shipsec5/shipsec5.cbd,8,8,8,179860,179860,10113096,13.266000,89.685871,18.395233
exe_spgemm_tile_64,/ssget/MM/DNVS/tsyl201/tsyl201.cbd,8,8,8,20685,20685,2454957,6.271000,98.302483,37.042057
exe_spgemm_tile_64,/ssget/MM/DNVS/trdheim/trdheim.cbd,8,8,8,22098,22098,1935324,2.443000,157.716074,28.554322
exe_spgemm_tile_64,/ssget/MM/DNVS/fullb/fullb.cbd,8,8,8,199187,199187,11708077,13.433000,107.218679,18.285091
exe_spgemm_tile_64,/ssget/MM/DNVS/ship_003/ship_003.cbd,8,8,8,121728,121728,8086034,12.922000,89.718491,17.685876
exe_spgemm_tile_64,/ssget/MM/DNVS/troll/troll.cbd,8,8,8,213453,213453,11985111,13.589000,104.261212,16.956152
exe_spgemm_tile_64,/ssget/MM/QY/case39/case39.cbd,8,8,8,40216,40216,1042160,28.159000,287.550678,10.003748
exe_spgemm_tile_64,/ssget/MM/QY/case9/case9.cbd,8,8,8,14454,14454,147972,1.669000,193.697122,3.086384
exe_spgemm_tile_64,/ssget/MM/TKK/engine/engine.cbd,8,8,8,143571,143571,4706073,5.087000,76.730200,7.910026
exe_spgemm_tile_64,/ssget/MM/TKK/smt/smt.cbd,8,8,8,25710,25710,3753184,10.432000,116.170619,31.162749
exe_spgemm_tile_64,/ssget/MM/TKK/s4dkt3m2/s4dkt3m2.cbd,8,8,8,90449,90449,3753461,2.334000,134.029290,15.461899
exe_spgemm_tile_64,/ssget/MM/Dziekonski/dielFilterV3real/dielFilterV3real.cbd,8,8,8,1102824,1102824,89306020,217.436000,80.073779,12.641354
exe_spgemm_tile_64,/ssget/MM/Dziekonski/dielFilterV2real/dielFilterV2real.cbd,8,8,8,1157456,1157456,48538952,69.547000,67.216765,7.191282
exe_spgemm_tile_64,/ssget/MM/SNAP/soc-Slashdot0811/soc-Slashdot0811.cbd,8,8,8,77360,77360,905468,47.918000,4.667940,1.418349
exe_spgemm_tile_64,/ssget/MM/SNAP/sx-superuser/sx-superuser.cbd,8,8,8,194085,194085,924886,64.911000,5.612343,1.214231
exe_spgemm_tile_64,/ssget/MM/SNAP/loc-Gowalla/loc-Gowalla.cbd,8,8,8,196591,196591,1900654,102.114000,11.412749,1.218211
exe_spgemm_tile_64,/ssget/MM/Sandia/mult_dcop_03/mult_dcop_03.cbd,8,8,8,25187,25187,193216,22.447000,46.375366,1.003731
exe_spgemm_tile_64,/ssget/MM/Sandia/mult_dcop_01/mult_dcop_01.cbd,8,8,8,25187,25187,193276,22.869000,45.519654,1.003732
exe_spgemm_tile_64,/ssget/MM/Sandia/mult_dcop_02/mult_dcop_02.cbd,8,8,8,25187,25187,193276,22.822000,45.613398,1.003732
exe_spgemm_tile_64,/ssget/MM/Bova/rma10/rma10.cbd,8,8,8,46835,46835,2374001,2.833000,110.469650,19.805329
exe_spgemm_tile_64,/ssget/MM/HB/psmigr_1/psmigr_1.cbd,8,8,8,3140,3140,543162,6.796000,67.868175,24.696216
exe_spgemm_tile_64,/ssget/MM/HB/psmigr_3/psmigr_3.cbd,8,8,8,3140,3140,543162,6.834000,67.490799,24.696216
exe_spgemm_tile_64,/ssget/MM/HB/psmigr_2/psmigr_2.cbd,8,8,8,3140,3140,540022,6.884000,66.685902,24.580744
exe_spgemm_tile_64,/ssget/MM/HB/bcsstk32/bcsstk32.cbd,8,8,8,44609,44609,2014701,2.117000,96.067735,14.910978
exe_spgemm_tile_64,/ssget/MM/HB/bcsstk30/bcsstk30.cbd,8,8,8,28924,28924,2043492,2.920000,118.822885,19.391913
exe_spgemm_tile_64,/ssget/MM/Koutsovasilis/F2/F2.cbd,8,8,8,71505,71505,5294285,11.281000,87.369400,12.429520
exe_spgemm_tile_64,/ssget/MM/Koutsovasilis/F1/F1.cbd,8,8,8,343791,343791,26837113,59.075000,90.309290,11.882833
exe_spgemm_tile_64,/ssget/MM/POLYFLOW/mixtank_new/mixtank_new.cbd,8,8,8,29957,29957,1995041,5.039000,70.207331,14.753495
exe_spgemm_tile_64,/ssget/MM/POLYFLOW/invextr1_new/invextr1_new.cbd,8,8,8,30412,30412,1793881,4.110000,74.649925,14.512055
exe_spgemm_tile_64,/ssget/MM/Andrianov/net125/net125.cbd,8,8,8,36720,36720,2577200,10.927000,62.941664,1.964068
exe_spgemm_tile_64,/ssget/MM/Andrianov/net150/net150.cbd,8,8,8,43520,43520,3121200,13.268000,70.426331,1.962954
exe_spgemm_tile_64,/ssget/MM/Andrianov/pattern1/pattern1.cbd,8,8,8,19242,19242,9323432,116.979000,124.677347,35.783641
exe_spgemm_tile_64,/ssget/MM/Andrianov/net4-1/net4-1.cbd,8,8,8,88343,88343,2441727,20.681000,68.692738,1.942992
exe_spgemm_tile_64,/ssget/MM/Andrianov/net75/net75.cbd,8,8,8,23120,23120,1489200,5.826000,51.541806,1.965424
exe_spgemm_tile_64,/ssget/MM/Andrianov/net100/net100.cbd,8,8,8,29920,29920,2033200,8.189000,58.173838,1.965082
exe_spgemm_tile_64,/ssget/MM/Guettel/TEM152078/TEM152078.cbd,8,8,8,152078,152078,6459326,6.859000,92.214043,7.096231
exe_spgemm_tile_64,/ssget/MM/Guettel/TEM181302/TEM181302.cbd,8,8,8,181302,181302,7839010,8.291000,93.948153,7.083520
exe_spgemm_tile_64,/ssget/MM/Rothberg/3dtube/3dtube.cbd,8,8,8,45330,45330,3213618,7.408000,80.826572,12.623360
exe_spgemm_tile_64,/ssget/MM/Rothberg/gearbox/gearbox.cbd,8,8,8,153746,153746,9080404,11.944000,95.915241,17.532367
exe_spgemm_tile_64,/ssget/MM/VDOL/lowThrust_12/lowThrust_12.cbd,8,8,8,18458,18458,224593,1.126000,187.845348,2.023931
exe_spgemm_tile_64,/ssget/MM/VDOL/lowThrust_13/lowThrust_13.cbd,8,8,8,18476,18476,224897,1.160000,182.694902,2.023934
exe_spgemm_tile_64,/ssget/MM/VDOL/lowThrust_10/lowThrust_10.cbd,8,8,8,18260,18260,222005,1.053000,196.626395,2.024128
exe_spgemm_tile_64,/ssget/MM/VDOL/lowThrust_11/lowThrust_11.cbd,8,8,8,18368,18368,223801,1.051000,199.332752,2.024133
exe_spgemm_tile_64,/ssget/MM/VDOL/hangGlider_5/hangGlider_5.cbd,8,8,8,16011,16011,155246,7.097000,57.456084,1.006485
exe_spgemm_tile_64,/ssget/MM/VDOL/hangGlider_4/hangGlider_4.cbd,8,8,8,15561,15561,149532,6.941000,55.495079,1.006551
exe_spgemm_tile_64,/ssget/MM/VDOL/lowThrust_9/lowThrust_9.cbd,8,8,8,18044,18044,219589,1.058000,191.165034,2.024482
exe_spgemm_tile_64,/ssget/MM/GHS_psdef/vanbody/vanbody.cbd,8,8,8,47072,47072,2336898,2.951000,88.560314,16.225211
exe_spgemm_tile_64,/ssget/MM/GHS_psdef/bmw7st_1/bmw7st_1.cbd,8,8,8,141347,141347,7339667,7.674000,105.293005,17.137729
exe_spgemm_tile_64,/ssget/MM/GHS_psdef/audikw_1/audikw_1.cbd,8,8,8,943695,943695,77651847,165.232000,97.919712,12.203940
exe_spgemm_tile_64,/ssget/MM/GHS_psdef/inline_1/inline_1.cbd,8,8,8,503712,503712,36816342,70.861000,93.999333,13.159386
exe_spgemm_tile_64,/ssget/MM/GHS_psdef/oilpan/oilpan.cbd,8,8,8,73752,73752,3597188,2.735000,138.115001,16.268258
exe_spgemm_tile_64,/ssget/MM/GHS_psdef/ramage02/ramage02.cbd,8,8,8,16830,16830,2866352,8.366000,127.945297,36.676803
exe_spgemm_tile_64,/ssget/MM/GHS_psdef/hood/hood.cbd,8,8,8,220542,220542,10768436,11.159000,100.730915,16.413328
exe_spgemm_tile_64,/ssget/MM/GHS_psdef/crankseg_1/crankseg_1.cbd,8,8,8,52804,52804,10614210,46.287000,110.125436,33.938657
exe_spgemm_tile_64,/ssget/MM/GHS_psdef/srb1/srb1.cbd,8,8,8,54924,54924,2962152,2.629000,122.536496,19.200793
exe_spgemm_tile_64,/ssget/MM/GHS_psdef/crankseg_2/crankseg_2.cbd,8,8,8,63838,63838,14148858,64.102000,116.149819,35.593383
exe_spgemm_tile_64,/ssget/MM/GHS_psdef/bmwcra_1/bmwcra_1.cbd,8,8,8,148770,148770,10644002,16.444000,98.820701,16.353526
exe_spgemm_tile_64,/ssget/MM/GHS_psdef/s3dkt3m2/s3dkt3m2.cbd,8,8,8,90449,90449,3753461,2.349000,133.173419,15.461899
exe_spgemm_tile_64,/ssget/MM/GHS_psdef/s3dkq4m2/s3dkq4m2.cbd,8,8,8,90449,90449,4820891,3.568000,144.699191,19.434770
exe_spgemm_tile_64,/ssget/MM/GHS_psdef/opt1/opt1.cbd,8,8,8,15449,15449,1930655,4.181000,128.759171,32.727654
exe_spgemm_tile_64,/ssget/MM/Grueninger/windtunnel_evap3d/windtunnel_evap3d.cbd,8,8,8,40816,40816,2730600,4.651000,86.476378,11.408828
exe_spgemm_tile_64,/ssget/MM/Schenk_ISEI/para-10/para-10.cbd,8,8,8,155924,155924,5416358,18.269000,29.069631,3.400439
exe_spgemm_tile_64,/ssget/MM/Schenk_ISEI/para-8/para-8.cbd,8,8,8,155924,155924,5416358,18.217000,29.152610,3.400439
exe_spgemm_tile_64,/ssget/MM/Schenk_ISEI/para-9/para-9.cbd,8,8,8,155924,155924,5416358,18.183000,29.207121,3.400439
exe_spgemm_tile_64,/ssget/MM/Schenk_ISEI/para-7/para-7.cbd,8,8,8,155924,155924,5416358,18.228000,29.135017,3.400439
exe_spgemm_tile_64,/ssget/MM/Schenk_ISEI/para-5/para-5.cbd,8,8,8,155924,155924,5416358,18.215000,29.155810,3.400439
exe_spgemm_tile_64,/ssget/MM/Schenk_ISEI/ohne2/ohne2.cbd,8,8,8,181343,181343,11063545,20.959000,72.102452,10.431814
exe_spgemm_tile_64,/ssget/MM/Schenk_ISEI/para-6/para-6.cbd,8,8,8,155924,155924,5416358,18.224000,29.141412,3.400439
exe_spgemm_tile_64,/ssget/MM/Schenk_ISEI/para-4/para-4.cbd,8,8,8,153226,153226,5326228,19.343000,25.408315,3.991017
exe_spgemm_tile_64,/ssget/MM/Chen/pkustk03/pkustk03.cbd,8,8,8,63336,63336,3130416,3.719000,87.951669,18.324841
exe_spgemm_tile_64,/ssget/MM/Chen/pkustk05/pkustk05.cbd,8,8,8,37164,37164,2205144,3.648000,84.087947,17.005772
exe_spgemm_tile_64,/ssget/MM/Chen/pkustk08/pkustk08.cbd,8,8,8,22209,22209,3226671,11.642000,94.982498,29.260697
exe_spgemm_tile_64,/ssget/MM/Chen/pkustk11/pkustk11.cbd,8,8,8,87804,87804,5217912,8.099000,90.159931,17.032403
exe_spgemm_tile_64,/ssget/MM/Chen/pkustk07/pkustk07.cbd,8,8,8,16860,16860,2418804,8.632000,95.000401,29.403773
exe_spgemm_tile_64,/ssget/MM/Chen/pkustk10/pkustk10.cbd,8,8,8,80676,80676,4308984,5.165000,90.466069,19.097753
exe_spgemm_tile_64,/ssget/MM/Chen/pkustk12/pkustk12.cbd,8,8,8,94653,94653,7512317,51.866000,103.361704,5.645433
exe_spgemm_tile_64,/ssget/MM/Chen/pkustk13/pkustk13.cbd,8,8,8,94893,94893,6616827,12.011000,93.746966,14.250213
exe_spgemm_tile_64,/ssget/MM/Chen/pkustk14/pkustk14.cbd,8,8,8,151926,151926,14836504,35.446000,100.292604,24.488590
exe_spgemm_tile_64,/ssget/MM/Chen/pkustk06/pkustk06.cbd,8,8,8,43164,43164,2571768,4.246000,84.750138,16.979806
exe_spgemm_tile_64,/ssget/MM/ND/nd6k/nd6k.cbd,8,8,8,18000,18000,6897316,26.735000,208.421548,66.023264
exe_spgemm_tile_64,/ssget/MM/ND/nd3k/nd3k.cbd,8,8,8,9000,9000,3279690,12.245000,208.406944,69.002249
exe_spgemm_tile_64,/ssget/MM/ND/nd12k/nd12k.cbd,8,8,8,36000,36000,14220946,57.942000,202.506353,64.536487
exe_spgemm_tile_64,/ssget/MM/ND/nd24k/nd24k.cbd,8,8,8,72000,72000,28715634,114.272000,207.905143,62.787834
exe_spgemm_tile_64,/ssget/MM/Oberwolfach/t3dh/t3dh.cbd,8,8,8,79171,79171,4352105,6.664000,76.812833,10.228802
exe_spgemm_tile_64,/ssget/MM/Oberwolfach/boneS01/boneS01.cbd,8,8,8,127224,127224,6715152,8.299000,94.958392,15.442642
exe_spgemm_tile_64,/ssget/MM/Oberwolfach/bone010/bone010.cbd,8,8,8,986703,986703,71666325,110.730000,98.472366,17.260546
exe_spgemm_tile_64,/ssget/MM/Oberwolfach/boneS10/boneS10.cbd,8,8,8,914898,914898,55468422,79.883000,93.704845,16.741304
exe_spgemm_tile_64,/ssget/MM/Oberwolfach/t3dh_a/t3dh_a.cbd,8,8,8,79171,79171,4352105,6.657000,76.893603,10.228802
exe_spgemm_tile_64,/ssget/MM/Oberwolfach/t3dh_e/t3dh_e.cbd,8,8,8,79171,79171,4352105,6.655000,76.916712,10.228802
exe_spgemm_tile_64,/ssget/MM/Embree/ifiss_mat/ifiss_mat.cbd,8,8,8,96307,96307,3599932,2.713000,111.741121,10.688548
exe_spgemm_tile_64,/ssget/MM/Fluorem/RM07R/RM07R.cbd,8,8,8,381689,381689,37464962,122.533000,86.052607,27.267944
exe_spgemm_tile_64,/ssget/MM/Fluorem/PR02R/PR02R.cbd,8,8,8,161070,161070,8185136,9.652000,97.785203,15.237963
exe_spgemm_tile_64,/ssget/MM/IPSO/TSC_OPF_300/TSC_OPF_300.cbd,8,8,8,9774,9774,820804,8.749000,99.009348,21.566908
exe_spgemm_tile_64,/ssget/MM/IPSO/TSC_OPF_1047/TSC_OPF_1047.cbd,8,8,8,8140,8140,2016902,10.601000,255.142278,153.099832
exe_spgemm_tile_64,/ssget/MM/IPSO/HTC_336_4438/HTC_336_4438.cbd,8,8,8,226340,226340,904522,3.406000,158.903574,3.248641
exe_spgemm_tile_64,/ssget/MM/IPSO/HTC_336_9129/HTC_336_9129.cbd,8,8,8,226340,226340,883422,2.727000,171.283963,3.172038
exe_spgemm_tile_64,/ssget/MM/Mycielski/mycielskian15/mycielskian15.cbd,8,8,8,24575,24575,11111110,268.891000,117.998692,26.760916
exe_spgemm_tile_64,/ssget/MM/Mycielski/mycielskian13/mycielskian13.cbd,8,8,8,6143,6143,1227742,11.252000,110.238386,16.987760
exe_spgemm_tile_64,/ssget/MM/Mycielski/mycielskian14/mycielskian14.cbd,8,8,8,12287,12287,3695512,52.664000,119.292264,21.328854
exe_spgemm_tile_64,/ssget/MM/Mycielski/mycielskian12/mycielskian12.cbd,8,8,8,3071,3071,407200,3.303000,73.866503,13.518692
exe_spgemm_tile_64,/ssget/MM/TSOPF/TSOPF_RS_b2383_c1/TSOPF_RS_b2383_c1.cbd,8,8,8,38120,38120,16171169,7.681000,33.315828,1.721641
exe_spgemm_tile_64,/ssget/MM/TSOPF/TSOPF_FS_b162_c1/TSOPF_FS_b162_c1.cbd,8,8,8,10798,10798,608540,12.084000,111.887478,24.191406
exe_spgemm_tile_64,/ssget/MM/TSOPF/TSOPF_FS_b39_c19/TSOPF_FS_b39_c19.cbd,8,8,8,76216,76216,1977600,70.819000,410.898131,10.013615
exe_spgemm_tile_64,/ssget/MM/TSOPF/TSOPF_RS_b2383/TSOPF_RS_b2383.cbd,8,8,8,38120,38120,16171169,7.763000,32.963915,1.721641
exe_spgemm_tile_64,/ssget/MM/TSOPF/TSOPF_FS_b300_c2/TSOPF_FS_b300_c2.cbd,8,8,8,56814,56814,8767466,310.519000,347.464326,66.958263
exe_spgemm_tile_64,/ssget/MM/TSOPF/TSOPF_FS_b300_c1/TSOPF_FS_b300_c1.cbd,8,8,8,29214,29214,4400122,94.473000,296.881793,66.002421
exe_spgemm_tile_64,/ssget/MM/TSOPF/TSOPF_FS_b162_c3/TSOPF_FS_b162_c3.cbd,8,8,8,30798,30798,1801300,53.713000,214.049446,24.594624
exe_spgemm_tile_64,/ssget/MM/TSOPF/TSOPF_FS_b300/TSOPF_FS_b300.cbd,8,8,8,29214,29214,4400122,93.873000,298.779346,66.002421
exe_spgemm_tile_64,/ssget/MM/TSOPF/TSOPF_FS_b9_c6/TSOPF_FS_b9_c6.cbd,8,8,8,14454,14454,147972,1.652000,195.690373,3.086384
exe_spgemm_tile_64,/ssget/MM/TSOPF/TSOPF_FS_b300_c3/TSOPF_FS_b300_c3.cbd,8,8,8,84414,84414,13135930,631.899000,379.231219,67.321038
exe_spgemm_tile_64,/ssget/MM/TSOPF/TSOPF_FS_b162_c4/TSOPF_FS_b162_c4.cbd,8,8,8,40798,40798,2398220,84.599000,240.101675,24.672710
exe_spgemm_tile_64,/ssget/MM/TSOPF/TSOPF_FS_b39_c7/TSOPF_FS_b39_c7.cbd,8,8,8,28216,28216,730080,17.742000,224.544515,9.994654
exe_spgemm_tile_64,/ssget/MM/Schenk/nlpkkt160/nlpkkt160.cbd,8,8,8,8345600,8345600,229518112,102.516000,124.329047,5.134043
exe_spgemm_tile_64,/ssget/MM/Schenk/nlpkkt80/nlpkkt80.cbd,8,8,8,1062400,1062400,28704672,12.583000,125.627387,5.110362
exe_spgemm_tile_64,/ssget/MM/Schenk/nlpkkt120/nlpkkt120.cbd,8,8,8,3542400,3542400,96845792,42.914000,124.973403,5.126131
exe_spgemm_tile_64,/ssget/MM/UTEP/Dubcova3/Dubcova3.cbd,8,8,8,146689,146689,3636649,2.748000,76.688664,6.027782
exe_spgemm_tile_64,/ssget/MM/Goodwin/Goodwin_127/Goodwin_127.cbd,8,8,8,178437,178437,5778545,4.045000,114.389822,8.603071
exe_spgemm_tile_64,/ssget/MM/Goodwin/Goodwin_095/Goodwin_095.cbd,8,8,8,100037,100037,3226066,2.242000,114.888868,8.603398
exe_spgemm_tile_64,/ssget/MM/Muite/Chebyshev4/Chebyshev4.cbd,8,8,8,68121,68121,5377761,5.226000,106.029860,14.682093
exe_spgemm_tile_64,/ssget/MM/Schenk_IBMNA/c-57/c-57.cbd,8,8,8,37833,37833,405197,18.583000,74.543936,3.896261
exe_spgemm_tile_64,/ssget/MM/Schenk_IBMNA/c-67b/c-67b.cbd,8,8,8,57975,57975,531935,4.808000,50.288592,2.910990
exe_spgemm_tile_64,/ssget/MM/Schenk_IBMNA/c-64/c-64.cbd,8,8,8,51035,51035,717841,21.968000,110.358403,7.820190
exe_spgemm_tile_64,/ssget/MM/Schenk_IBMNA/c-67/c-67.cbd,8,8,8,57975,57975,531935,4.991000,48.444710,2.910990
exe_spgemm_tile_64,/ssget/MM/Schenk_IBMNA/c-73/c-73.cbd,8,8,8,169422,169422,1279274,56.497000,137.988494,2.285064
exe_spgemm_tile_64,/ssget/MM/Schenk_IBMNA/c-73b/c-73b.cbd,8,8,8,169422,169422,1279274,55.973000,139.280295,2.285064
exe_spgemm_tile_64,/ssget/MM/Schenk_IBMNA/c-53/c-53.cbd,8,8,8,30235,30235,372213,6.375000,59.961629,4.408607
exe_spgemm_tile_64,/ssget/MM/Schenk_IBMNA/c-64b/c-64b.cbd,8,8,8,51035,51035,717841,21.315000,113.739310,7.820190
exe_spgemm_tile_64,/ssget/MM/VLSI/ss/ss.cbd,8,8,8,1652680,1652680,34753577,15.825000,86.850413,4.969302
exe_spgemm_tile_64,/ssget/MM/VLSI/vas_stokes_4M/vas_stokes_4M.cbd,8,8,8,4382246,4382246,131577616,143.028000,49.688211,4.299408
exe_spgemm_tile_64,/ssget/MM/VLSI/vas_stokes_2M/vas_stokes_2M.cbd,8,8,8,2146677,2146677,65129037,76.763000,45.822445,4.311026
exe_spgemm_tile_64,/ssget/MM/VLSI/test1/test1.cbd,8,8,8,392908,392908,12968200,170.269000,5.503154,6.225993
exe_spgemm_tile_64,/ssget/MM/Raju/laminar_duct3D/laminar_duct3D.cbd,8,8,8,67173,67173,3833077,5.693000,100.492257,15.107745
exe_spgemm_tile_64,/ssget/MM/Williams/consph/consph.cbd,8,8,8,83334,83334,6010480,9.412000,98.564605,17.477379
exe_spgemm_tile_64,/ssget/MM/Williams/pdb1HYS/pdb1HYS.cbd,8,8,8,36417,36417,4344765,6.663000,166.688476,28.340624
exe_spgemm_tile_64,/ssget/MM/Williams/cant/cant.cbd,8,8,8,62451,62451,4007383,4.909000,109.792818,15.452180
exe_spgemm_tile_64,/ssget/MM/PowerSystem/power197k/power197k.cbd,8,8,8,197156,197156,3698357,24.363000,26.624104,8.139590
exe_spgemm_tile_64,/ssget/MM/Nemeth/nemeth20/nemeth20.cbd,8,8,8,9506,9506,971870,0.828000,242.836604,46.283552
exe_spgemm_tile_64,/ssget/MM/Nemeth/nemeth21/nemeth21.cbd,8,8,8,9506,9506,1173746,1.053000,278.936357,56.920448
exe_spgemm_tile_64,/ssget/MM/Nemeth/nemeth26/nemeth26.cbd,8,8,8,9506,9506,1511760,1.712000,287.905787,70.692462
exe_spgemm_tile_64,/ssget/MM/Nemeth/nemeth24/nemeth24.cbd,8,8,8,9506,9506,1506550,1.714000,285.746014,70.244116
exe_spgemm_tile_64,/ssget/MM/Nemeth/nemeth23/nemeth23.cbd,8,8,8,9506,9506,1506810,1.686000,289.970292,71.033149
exe_spgemm_tile_64,/ssget/MM/Nemeth/nemeth22/nemeth22.cbd,8,8,8,9506,9506,1358832,1.397000,282.203562,64.424436
exe_spgemm_tile_64,/ssget/MM/Nemeth/nemeth25/nemeth25.cbd,8,8,8,9506,9506,1511758,1.722000,286.233303,70.692324
exe_spgemm_tile_64,/ssget/MM/Zaoui/kkt_power/kkt_power.cbd,8,8,8,2063494,2063494,14612663,83.459000,5.187885,2.321196
exe_spgemm_tile_64,/ssget/MM/Bodendiek/CurlCurl_3/CurlCurl_3.cbd,8,8,8,1219574,1219574,13544618,4.201000,72.070089,2.228844